id,s,t,h,r1,r2
0,933,743,12755,0.80496,0.80496
1,529,700,7836,0.34602,0.34602
2,752,256,737,0.5124,0.5124
3,119,711,4340,0.98448,0.98448
4,843,705,8826,0.46143,0.46143
5,393,330,6360,0.33105,0.33105
6,169,932,13261,0.72662,0.72662
7,847,972,13070,0.47044,0.47044
8,980,223,6372,0.55826,0.55826
9,592,164,7933,0.82882,0.82882
